{
  "Request_8801675249699_249699" : {
    "transaction" : "Request_8801675249699_249699",
    "sampleCount" : 1,
    "errorCount" : 0,
    "errorPct" : 0.0,
    "meanResTime" : 239.0,
    "medianResTime" : 239.0,
    "minResTime" : 239.0,
    "maxResTime" : 239.0,
    "pct1ResTime" : 239.0,
    "pct2ResTime" : 239.0,
    "pct3ResTime" : 239.0,
    "throughput" : 4.184100418410042,
    "receivedKBytesPerSec" : 0.0,
    "sentKBytesPerSec" : 0.0
  },
  "Request_8801969237055_2468Sqa@@" : {
    "transaction" : "Request_8801969237055_2468Sqa@@",
    "sampleCount" : 1,
    "errorCount" : 0,
    "errorPct" : 0.0,
    "meanResTime" : 138.0,
    "medianResTime" : 138.0,
    "minResTime" : 138.0,
    "maxResTime" : 138.0,
    "pct1ResTime" : 138.0,
    "pct2ResTime" : 138.0,
    "pct3ResTime" : 138.0,
    "throughput" : 7.246376811594203,
    "receivedKBytesPerSec" : 0.0,
    "sentKBytesPerSec" : 0.0
  },
  "Test" : {
    "transaction" : "Test",
    "sampleCount" : 5,
    "errorCount" : 1,
    "errorPct" : 20.0,
    "meanResTime" : 520.2,
    "medianResTime" : 527.0,
    "minResTime" : 480.0,
    "maxResTime" : 544.0,
    "pct1ResTime" : 544.0,
    "pct2ResTime" : 544.0,
    "pct3ResTime" : 544.0,
    "throughput" : 3.7369207772795217,
    "receivedKBytesPerSec" : 4.8171244394618835,
    "sentKBytesPerSec" : 2.4771697496263076
  },
  "Request_8801629889679_pppppp" : {
    "transaction" : "Request_8801629889679_pppppp",
    "sampleCount" : 1,
    "errorCount" : 0,
    "errorPct" : 0.0,
    "meanResTime" : 140.0,
    "medianResTime" : 140.0,
    "minResTime" : 140.0,
    "maxResTime" : 140.0,
    "pct1ResTime" : 140.0,
    "pct2ResTime" : 140.0,
    "pct3ResTime" : 140.0,
    "throughput" : 7.142857142857142,
    "receivedKBytesPerSec" : 0.0,
    "sentKBytesPerSec" : 0.0
  },
  "Total" : {
    "transaction" : "Total",
    "sampleCount" : 9,
    "errorCount" : 1,
    "errorPct" : 11.111111,
    "meanResTime" : 349.1111111111111,
    "medianResTime" : 306.0,
    "minResTime" : 138.0,
    "maxResTime" : 544.0,
    "pct1ResTime" : 544.0,
    "pct2ResTime" : 544.0,
    "pct3ResTime" : 544.0,
    "throughput" : 0.40065886123848105,
    "receivedKBytesPerSec" : 0.218936417664604,
    "sentKBytesPerSec" : 0.11811958832302007
  },
  "Request_8801746273268_123456" : {
    "transaction" : "Request_8801746273268_123456",
    "sampleCount" : 1,
    "errorCount" : 0,
    "errorPct" : 0.0,
    "meanResTime" : 254.0,
    "medianResTime" : 254.0,
    "minResTime" : 254.0,
    "maxResTime" : 254.0,
    "pct1ResTime" : 254.0,
    "pct2ResTime" : 254.0,
    "pct3ResTime" : 254.0,
    "throughput" : 3.937007874015748,
    "receivedKBytesPerSec" : 0.0,
    "sentKBytesPerSec" : 0.0
  },
  "https://www.redgrocer.com/login" : {
    "transaction" : "https://www.redgrocer.com/login",
    "sampleCount" : 4,
    "errorCount" : 1,
    "errorPct" : 25.0,
    "meanResTime" : 516.25,
    "medianResTime" : 520.5,
    "minResTime" : 480.0,
    "maxResTime" : 544.0,
    "pct1ResTime" : 544.0,
    "pct2ResTime" : 544.0,
    "pct3ResTime" : 544.0,
    "throughput" : 0.30129557095510695,
    "receivedKBytesPerSec" : 0.3704405506176559,
    "sentKBytesPerSec" : 0.19985841462036757
  },
  "Request_8801521428851_porosh09" : {
    "transaction" : "Request_8801521428851_porosh09",
    "sampleCount" : 1,
    "errorCount" : 0,
    "errorPct" : 0.0,
    "meanResTime" : 306.0,
    "medianResTime" : 306.0,
    "minResTime" : 306.0,
    "maxResTime" : 306.0,
    "pct1ResTime" : 306.0,
    "pct2ResTime" : 306.0,
    "pct3ResTime" : 306.0,
    "throughput" : 3.2679738562091503,
    "receivedKBytesPerSec" : 0.0,
    "sentKBytesPerSec" : 0.0
  }
}